picture,1
lol,0
closeup,1
Sister,1
people,0
2,1
boy,0
girl,1
outdoor,0
smiling,0
sisters,1
smile,0
pic,1
crazy,1
selfie,0
1,1
indoor,0
look,1
U0001f602,0
U0001f61b,1
like,0
Girl,1
Hahah,0
man,0
U0001f600,1
gorgeous,1
buddy,0
guys,0
girls,1
Seen,0
beauty,1
amazing,0
suit,0
mom,1
tree,1
looking,1
baby,1
Gorgeous,1
nice,0
Look,1
3,1
bro,0
Love,1
buy,1
flower,1
game,0
Cute,1
well,0
Beauty,1
pretty,0
Beautiful,1
guy,0
love,1
car,0
cutie,1
standing,0
beautiful,1
hat,0
beautifull,0
person,1
cute,1
beard,0
son,0
Go,1
cuteness,1
sweet,0
says,1
life,0
u,1
play,0
Miss,1
one,1
purdy,1
Travis,0
sis,1
U,1
great,1
u2019s,1
playing,0
moving,0
nature,1
Man,0
come,1
adorable,0
used,1
Lol,0
U0001f49c,1
5,1
Nice,0
haha,0
ufe0f,0
dress,1
hehe,0
4,1
sister,1
LIKE,0
seems,0
fast,1
miss,1
U0001f60d,1
MAN,0
GORGEOUS,1
BEAUTIFUL,1
nShould,1
luv,0
everyone,1
kids,1
u2764,0
Thanks,1
child,0
handsome,0
squash,1
liked,0
Melvin,1
seen,0
U0001f389,1
dude,0
Brandon,1
Well,0
Bro,0
sure,0
Pretty,0
6,1
hair,1
lmfao,1
Flawless,1
boys,0
hot,0
Sexy,0
Boy,0
Dude,0
Family,0
LOVE,1
Damn,0
U0001f63b,1
Smile,0
bout,1
Betts,1
Baby,0
eyeglasses,1
bad,1
disciplinary,1
SURE,0
meant,1
brother,0
tho,1
7,1
U0001f92a,1
neckless,0
beaut,1
Chloe,1
sexy,1
mal,1
accent,1
men,0
momma,1
shit,0
hottie,0
ever,1
sky,0
girlll,1
U0001f44f,1
Car,0
cold,1
rt,1
Like,0
damn,0
long,1
wife,0
woman,1
Show,1
bar,0
gay,0
sweetheart,1
gas,0
found,1
cutee,1
Angel,1
Absolutely,1
SHIT,0
shitty,0
perfect,1
family,0
loves,1
12,1
U0001f4a6,1
U0001f525like,0
soo,1
gorgeoussss,1
U0001f923,1
sitting,1
U0001f43e,1
link,1
Still,1
People,0
photo,1
babies,1
Anthony,1
mommy,1
year,1
U0001f62d,1
shirts,1
yesss,1
hahaha,0
White,1
U0001f609,1
Mark,1
still,1
similar,1
sweetie,1
U0001f60c,0
Great,1
U0001f64b,1
U0001f615,0
babygirl,1
Men,0
dog,1
gingers,1
joke,0
Sure,0
luck,1
GUY,0
Simply,1
heheh,0
makeup,0
muscle,0
memories,1
likes,0
Def,1
cowgirl,1
drink,1
coffee,1
get,1
Hot,0
Ashtin,1
soft,0
thought,1
stupid,0
Son,0
thing,1
little,1
face,1
sir,0
sisterly,1
grows,1
poo,0
cuz,1
ya,1
U0001f618,1
U0001f44c,1
U0001f525,1
HOT,0
CUTE,1
DjandBrit,1
wanna,1
would,1
Elvish,1
U0001f601,1
beer,0
nHe,1
U0001f480,1
alike,0
U0001f60b,1
fault,1
Ate,1
Preach,1
horn,1
daughter,1
Scully,1
Janice,0
Georgeous,1
Brother,0
dad,0
feel,1
see,1
thank,1
Shit,0
pregnant,1
U0001f632,1
tapped,1
GREAT,1
dino,1
U0001f61e,1
Ashley,0
singlet,1
cloudporn,1
moms,1
adorably,1
girly,1
came,1
8,1
good,1
text,1
old,1
U0001f48b,1
loking,1
Buddy,0
MISS,1
getting,1
Kelly,0
NICE,0
LOOK,1
lounge,1
Micah,1
right,1
member,1
try,1
next,1
SIR,0
Daughter,0
food,1
relaxing,1
LIFE,0
Thank,1
Jonathan,1
Hahaha,0
point,1
Life,0
U0001f497,1
ppl,1
older,1
trespassers,1
Picture,1
ish,0
Sooo,1
shitter,0
Neko,1
babe,0
Top,1
U0001f499,1
sick,1
mother,0
absolutely,1
havent,1
bby,0
table,1
hottest,1
Bitch,0
work,1
sorry,1
Abby,0
gorgeously,1
JOKE,0
Witweew,1
bed,1
Gee,1
BRO,0
Robert,1
Aunt,0
reporter,1
Awww,1
greatest,1
stinkin,1
style,1
taken,1
hahahaha,0
Vanity,1
scary,1
awake,1
fun,1
bitchhhh,1
Sweet,0
much,1
Mother,1
Pic,1
U0001f614,1
Happy,1
hand,1
U0001f622,1
CAR,0
nsame,1
U0001f60a,1
pearl,1
lil,0
mama,1
Definitely,1
bike,0
got,1
nicely,0
Terri,1
U0001f496,1
blonde,1
time,1
Annie,1
u2019re,1
showing,1
exploded,1
BJ,1
honey,1
bread,1
nicest,0
wait,1
original,0
stripes,1
U0001f60e,1
arm,1
need,1
Ahhhh,1
idea,1
boo,0
back,1
ones,1
two,1
guyssss,0
nmichael,1
Grammy,0
Precious,1
wish,1
Perfect,1
U0001f495,1
mention,1
photos,1
ha,0
tonight,1
Better,1
big,1
homegirl,1
type,1
cola,1
U0001f917,1
best,1
argument,1
pair,1
LOL,0
nGO,1
calories,1
Kyla,1
haircut,1
keep,1
PERFECT,1
thanks,1
phone,1
CHURCH,1
women,0
eyes,1
heartbroken,1
meatball,1
killing,1
every,1
house,1
awsome,1
Rocket,0
County,1
Beer,0
area,1
girll,1
precious,1
Seek,1
Ahahaha,0
Glad,0
samdeanbobbycascrowleycrew,1
goofy,1
Liz,1
PRETTY,0
worrying,1
cookies,1
exactly,1
U0001f49e,0
thanx,1
Hahahha,0
loving,1
Beard,0
Prayers,1
Handsome,0
badass,1
Guy,0
beautifulest,1
guyz,0
nyc,1
Evans,1
going,1
U0001f603,1
last,1
water,1
night,1
Ugh,1
drawing,0
awesome,1
current,0
crowd,1
Babygirl,1
outta,1
young,0
girlie,1
Hey,1
week,1
Sears,0
feed,1
cash,1
DUDE,0
Wtf,1
Priceless,1
Delete,1
loveeee,1
Malloy,1
shabby,0
Sweetie,1
Sting,1
videeoooo,1
Interested,1
beautifulll,1
background,1
n,1
Looking,1
Amazing,0
God,1
Alyssa,1
begging,1
babygirls,1
Cabra,1
U0001f44fUP,1
11,1
dig,1
Awesome,1
P,1
please,1
episode,1
lovemysister,1
Murphy,1
Adorable,0
wedding,1
minutes,1
Birthday,1
told,1
THING,1
Naw,1
Child,0
U0001f617,1
heart,1
Hannah,1
nothing,1
guyyyyssss,0
runway,1
yougotthisgirl,1
uncle,1
praying,1
Put,1
frame,1
kno,1
anymore,0
GIRL,1
wild,1
body,1
make,1
world,1
always,1
nWe,1
think,1
Hope,1
U0001f381,1
Cowgirl,1
nSo,1
already,0
Steven,1
feeling,1
tex,1
Stealing,1
reddit,1
Come,1
MERRY,1
Kids,1
Looks,1
air,0
inside,1
almost,1
UnderArmor,1
Davis,1
butt,1
completely,1
u263a,1
must,1
first,1
bitch,0
Marsha,1
ideas,1
everything,1
Zachary,1
ahh,1
cat,1
hahha,0
know,1
Jordan,1
Shelby,0
huh,1
U0001f4af,1
bahaha,0
Oh,1
though,1
Photo,1
nicer,0
welcome,1
girlies,1
job,1
pits,1
girlfraaannd,1
U0001f633,1
Yep,0
friend,1
cool,1
SEXY,1
us,1
Julie,1
10,1
hahah,0
baller,1
h,1
day,1
100k,1
cuute,0
homegirls,1
gym,1
Garrison,1
hott,0
sniff,1
pictures,1
later,1
cream,1
U0001f3fb,1
U0001f6bc,1
favs,1
grown,1
Popeyz,1
protect,1
cupcake,1
target,1
hung,1
balconies,1
bb,0
darlin,0
gifts,1
bit,1
known,0
U0001f4aa,1
emojis,1
LMFAOOO,1
Iris,1
Mama,0
Mothers,1
Lmao,1
Good,1
Ooh,0
meme,1
eveey,1
greathings,1
Play,0
doubted,1
Know,1
Ya,1
tap,1
Sky,0
Michael,1
delicious,1
screen,0
Whats,1
middle,1
done,1
Ms,1
perfection,1
Welcome,1
want,1
fireworks,1
tell,1
Merry,1
Bahahaha,0
feedingirlsonnabudgetsincedayone,0
Brandi,1
Wut,1
U0001f629,1
Brysen,1
Playing,0
First,1
Ass,1
13,1
sleeping,1
Bwahahaha,0
Xbox,1
U0001f4a8,0
Corby,1
spoiled,1
lolol,0
even,1
looks,1
boobs,1
beautifully,1
Richter,1
Cool,1
U0001f92d,1
Shannon,1
vacation,1
Blair,1
recovery,1
KNOW,1
cutest,1
apple,1
shut,1
Val,1
26,1
lovee,0
hit,1
yes,1
youu,0
shoes,1
r2,1
everyday,0
present,1
Testing,1
DW,1
sara,0
U0001f52a,1
horseshit,0
Cheryl,1
heath,1
xe9,1
new,1
Abbey,1
WhT,1
black,1
Ahaha,0
Steele,1
Wow,1
book,1
girlys,0
PEOPLE,0
else,1
Easter,0
chick,1
fair,1
ugh,1
bahahaha,0
say,1
stila,1
FAMILY,0
officially,1
DRESS,1
N,0
u2661,1
Deborah,1
Silly,1
Sir,0
place,1
U0001f490,1
sucks,1
C,1
U0001f483,1
U0001f44d,1
leighah,0
NiCe,0
snowsuit,0
Year,1
shingles,1
go,1
ALBRIGHT,1
3002727813,1
pond,1
Chico,1
spaghetti,1
Hayes,1
OK,1
WIFE,0
U0001f621,1
U0001f914,1
likely,0
wall,1
Creepy,1
short,1
eat,1
pooped,0
deffinetly,1
chubby,0
U0001f936,1
Rod,1
Wife,0
tod,1
Cara,1
something,1
awe,1
married,1
teamgirl,1
Sentry,1
pregnancy,1
Ight,1
U0001f926,1
california,1
PIC,1
WilsonVincent,1
Got,1
plates,1
Noeyy,1
loveeeeee,0
glasses,1
fat,1
really,1
Literally,1
Realy,1
today,1
hehehehehe,0
zonked,1
living,1
trying,1
trip,1
Christmas,0
Goofy,0
min,1
hard,1
home,1
pigtails,1
Awe,1
U0001f60dSuch,0
oh,1
U0001f385,1
gone,0
birthday,1
Tears,0
Hahahaha,0
u2026See,1
finally,1
coco,1
double,1
motorcycle,1
giving,1
leave,1
squinty,1
ans,1
runeth,1
shot,1
russell,1
wonderfully,1
hahhha,0
9,1
gross,1
totally,1
goodness,1
Sherri,1
nPS,0
marks,1
Ur,0
kick,1
U0001f493,1
dont,0
killer,1
blaming,1
SLAY,1
possible,0
favorite,1
GOD,0
Hat,0
girrrrl,1
Black,0
steph,1
skyscraper,1
Kay,1
Stream,1
heck,1
Watson,1
lasting,1
SKY,0
Bar,0
Shes,1
lie,1
scared,1
cup,1
Kyle,0
clothes,0
Ray,1
hands,1
thumbs,1
kiss,0
Sammy,1
FIRST,1
might,1
Rapers,1
thinking,1
smiles,1
mentioned,0
skin,0
Robby,0
hahahah,0
cros,1
god,1
Brown,1
thats,1
U0001f4f7,1
U0001f5a4,1
stronger,1
hah,0
Mmmm,1
real,1
hella,1
U0001f631,1
Ahhhhh,1
girrrrrl,1
Exactly,1
Gay,0
nThat,1
batgirl,1
BEAUTY,1
Lousiana,1
Awh,1
Gary,1
never,1
road,1
U0001f60f,1
U0001f382,1
ready,1
nYou,1
Loool,1
hoot,0
preetty,0
jays,1
live,1
guacamole,1
U0001f604,1
Paige,0
bedroom,1
Game,0
Gas,0
WTF,1
snow,1
Lara,0
page,1
U0001f643,1
u2019t,1
hes,1
Falduto,1
Lorin,1
xe9ah,1
Momma,1
ahaha,0
forehead,1
U0001f635,1
Noah,1
handsomer,0
proud,1
inbox,1
cut,1
HAIR,1
sharing,1
ty,1
bracelet,1
doll,1
U0001f440,1
U0001f642,0
mean,1
Party,0
u2019d,1
closing,1
South,1
Cakes,1
seem,1
likers,0
let,1
June,1
Justin,1
30,0
Hello,1
loooove,0
fucking,1
breathtaking,0
pppsst,1
Fierce,1
crazzzzy,1
Navy,1
fixable,1
girlscout,1
brat,1
Creeperss,1
James,1
Red,1
Thanx,1
gorgeouss,1
Peaceful,1
giirrrrrllll,1
lookin,1
u2019ve,0
Marshall,1
push,1
camera,1
U0001f929,1
Nathaniel,1
crabby,1
eclectic,1
U0001f339,1
Stupid,0
weekend,1
better,1
burger,1
room,1
doubt,1
ur,1
mad,1
14,1
20,1
happened,1
U0001f98b,0
Gabby,1
girrll,1
ill,1
chef,0
U0001f49d,0
abby,0
Jeremy,1
Send,0
U0001f3fc,1
wrong,1
Hehehe,0
grandma,1
Brandy,1
Georgous,1
AMAZING,0
Thnx,1
Rubs,1
bahah,0
U0001f637,1
bin,1
Coast,1
public,1
hubby,1
finger,1
u2019m,1
growing,0
beach,0
Supergirl,1
SWEET,0
U0001f352,1
Rocky,1
passed,1
Clown,1
Number,0
Dang,0
daddyslittlegirl,1
soon,1
mine,1
yo,1
trey,1
puppy,0
Arnold,1
punch,1
creds,1
Wink,1
Ohmygosh,1
dam,0
George,1
princess,1
sunglasses,1
OMG,1
way,1
baee,1
Behahha,0
funny,1
terrified,1
Stacy,1
LMAOO,1
shoessss,1
pool,1
backwards,1
Anniversary,1
girlz,1
eating,1
till,0
Im,1
bottom,1
ALT,1
remember,1
mans,0
hang,1
moooonshine,1
greater,1
u2640,0
U0001f3fd,1
pimp,0
signs,1
kind,1
start,1
profile,0
smack,1
U0001f44e,1
yess,1
higie,1
actually,1
TEXT,1
tiff,1
Syncronicities,1
LeeAnn,1
photography,0
Friday,1
choice,1
added,0
Hahahahaha,0
Must,1
Sherry,1
yeah,1
check,1
pajamas,0
K,1
Lontz,0
Thomas,1
seat,1
definitely,1
days,0
mirror,1
mum,1
Public,1
Cristine,0
honor,1
yesterday,0
late,1
often,0
information,1
chair,1
phucking,0
Dale,1
thoo,1
r,0
nI,1
lololol,1
Kenneth,1
called,0
minus,1
wonder,1
yep,1
miror,0
mushrooms,1
chipotle,1
words,1
U0001f64f,1
HUGE,0
open,0
Pmd,1
Landon,1
chahiye,0
Hypnotic,1
likeley,0
Pun,1
majestic,1
video,1
Seems,0
Suhh,1
Yeaaaa,0
niceeee,0
cause,1
immediately,0
umm,1
Ill,1
joking,1
keeping,0
Walk,1
LOVVVEE,0
prefer,1
hahahahaha,0
use,1
shooting,1
OMS,1
awwwwwww,0
Poor,1
lok,1
Sidney,0
single,1
nOn,1
Taos,1
Acie,1
JoWo,1
went,1
shits,0
shoulders,0
combat,1
pen,0
hello,1
realize,1
attractve,0
ol,1
Bill,1
deal,0
dead,1
Dont,1
Times,0
Loooove,0
Elizabeth,1
Standing,0
wtf,1
code,1
Yea,1
Nikki,1
U0001f338,1
hell,1
Followed,1
morning,1
Told,0
bite,1
prove,1
mail,1
trial,0
sizes,1
toward,1
whah,0
missher,1
excited,0
wayyy,0
Shehryar,0
MARTHA,1
six,1
Ant,1
private,1
dash,1
ok,1
diabetics,0
remix,1
Praying,0
Doooooope,0
Aww,1
head,1
lll,0
Wlwea3,1
lovely,1
Lorelei,0
baahaha,0
onee,1
BROTHER,0
aint,0
aww,1
cock,1
starting,1
money,0
kills,1
thicker,0
Please,1
nSlugg,1
Carassius,1
rockin,1
jealous,1
Facts,0
Boeckmann,0
WOW,1
another,1
hahahhah,0
Chinese,1
murder,1
shots,1
TAG,1
color,0
sometime,1
anything,0
corner,1
Lashae,1
Yeah,1
reason,1
actual,0
gold,1
smeared,1
sale,0
FIL,1
toopretty,1
show,1
Guess,1
Andy,0
CHEEZ,1
Yes,1
Dolezal,0
nicee,0
pants,1
U0001f62c,1
Thrive,1
heather,1
south,1
rich,0
Whos,1
kid,1
Ha,1
hannah,0
drinking,1
Leathers,0
Taylor,1
meet,1
U0001f922,1
Bahaha,0
U0001f970,1
Want,1
Jessica,1
gosh,1
bought,1
sin,1
takes,0
Tristin,1
three,1
front,1
prettier,0
Joke,0
hide,1
band,1
reciprocated,0
red,1
Shave,1
function,0
42,1
hating,1
daddy,1
Canadian,1
part,1
Never,1
call,1
Theres,1
Batman,1
groups,1
list,1
whats,1
Mine,1
Hmm,1
Hahahah,0
crotch,1
caliber,0
learn,0
True,1
Us,1
Hops,1
Whaddup,1
freaking,1
shorts,0
since,1
straight,1
Sometimes,1
4th,0
cheeks,1
cover,1
birds,1
making,0
Stop,1
Count,1
others,1
Nana,1
youuu,1
natural,1
made,1
Uncle,1
U0001f61c,1
falling,0
shame,1
U0001f62dits,1
unlike,0
Excited,1
UPS,1
Bn,0
calm,1
score,1
llike,0
Burk,0
biggest,1
Hahahahha,0
awful,1
peacocky,0
neat,1
Christain,1
couple,1
Shoemaker,1
eh,1
changing,0
uti,0
Lexi,1
imply,1
0,0
Donna,1
without,1
Really,1
store,1
personality,1
comments,0
upgrade,1
buying,1
Let,1
Lewis,0
truth,1
Alexander,1
Brianne,1
cooperated,0
nhttps,1
hacker,1
ahold,1
Try,1
Wheres,1
stop,1
elavator,0
xD,1
fan,0
Luv,1
brookelynn,1
awhile,1
fuckboys,0
Give,1
worse,1
white,1
Even,1
Cassie,0
stabbed,1
U0001f481,1
bitching,0
matter,1
fruit,0
fingertips,1
boohahahaha,0
looooved,0
helping,0
U0001f918,1
Kelsay,1
quick,0
restaurant,1
u221a,0
yay,1
unfair,1
left,0
shareable,1
im,1
office,1
Youre,0
said,1
talking,1
sold,0
wonderful,0
grandkids,1
Live,1
familiar,1
superman,1
admitting,1
triggered,1
Andrea,1
believe,1
MUCH,1
send,1
seriously,0
win,0
TEAM,1
least,1
Josh,1
Carlyle,1
BABY,1
TOM,1
X,0
MISTY,1
loove,1
wash,1
leader,1
Totally,1
Bighead,1
Casey,0
probably,1
shirt,1
cooking,1
Matthew,1
Guay,1
Carnicella,0
hold,1
China,1
Stud,1
boat,1
Haha,1
573,1
Dress,1
expect,1
Clark,1
Fourth,1
MAIL,1
u2049,1
loser,1
aunt,1
Classic,1
boots,1
mind,0
IUP,1
15,1
waiting,1
drive,1
yet,1
Detroit,1
ruth,1
u2019ll,1
U0001f627,1
Smiling,0
wolf,0
Harry,1
street,1
reminds,1
U0001f644,1
high,1
shitload,0
16,1
Iraq,1
ham,1
Valley,1
U0001f498,1
bitches,1
nOh,1
appreciate,1
Ridgway,1
plant,1
story,1
side,1
Marc,1
Remember,1
hungover,0
Coneheads,1
comfy,1
travels,1
knew,1
maybe,1
b,1
bicycles,1
talk,1
cupcakes,1
beverage,0
bay,1
Town,1
e,1
angel,1
around,1
matches,1
shave,1
Carburetor,1
V,1
ocean,1
Back,1
Ugly,1
U0001f612,1
Malone,1
Slow,1
U0001f3fclivin,1
pussy,1
universe,1
Yup,1
print,0
Charlie,1
basketball,1
Goose,1
damnit,0
Rock,1
lost,1
nThe,1
top,1
Sentra,1
nicebettingwithya,0
ass,1
cameras,1
drop,1
Tommie,1
laughs,1
distance,1
West,1
Greetings,1
Chiefs,1
power,1
hours,1
blast,1
tic,1
vodka,1
grand,1
nGreat,1
could,1
bringing,1
jersey,1
posting,1
grass,1
ride,1
Metallica,1
Yo,1
cousin,1
steroids,1
wake,1
19,1
mountain,1
bald,1
sissy,1
blue,1
PICTURE,1
Tori,1
Mike,1
able,1
doomed,1
tongue,1
court,1
David,1
U0001f37a,1
nwhite,1
pack,1
floof,0
length,1
Cowboys,0
Needs,1
wearing,1
sharp,1
rip,1
fuck,1
tht,1
U0001f62e,1
Evers,1
glad,1
pro,1
fangirls,1
wattup,1
Carr,1
slow,1
bock,1
window,1
holy,1
ment,1
keeeeep,1
gooooodness,1
W,1
christmas,1
handle,1
bunch,1
Belton,0
nHoly,1
shades,1
Day,1
local,1
summer,1
philippines,1
Combined,1
Change,1
BEARD,0
couples,1
light,1
instruments,1
run,1
Karma,1
facial,1
homo,1
New,1
Couple,1
enjoy,1
Wish,1
Lodge,1
Fans,1
ALREADY,1
belt,1
shop,1
Sorry,1
humans,0
nenjoy,1
mill,1
football,1
girlfiends,1
affected,1
Children,1
Type,1
harvest,1
U0001f611,1
u2019,1
Bobby,1
fish,1
kneeling,0
released,1
bird,1
Twelve,1
cropped,1
Everytime,1
hate,1
test,1
Bahahahaha,0
sexual,1
BUDDY,0
artist,1
USA,1
fusion,1
dislike,0
button,1
tired,0
cleaner,1
support,1
Post,1
post,1
trick,1
asked,1
cred,1
JW,1
department,1
name,1
JoJo,1
Fred,1
steal,1
many,1
Boo,1
replace,1
wind,1
Slick,1
Yessir,0
lmao,1
Network,1
Lester,1
midst,1
tub,1
brought,1
oil,1
Doug,1
song,1
Cemetery,1
texting,1
nFancy,1
drops,1
Ed,1
BEER,0
reunion,1
Wat,1
Alamo,1
Ghost,1
U0001f388,1
Demise,1
Cage,1
STUPID,0
Hell,0
laser,0
nigga,1
whadup,1
ADORABLE,0
Matt,1
chips,0
FAM,1
grumpy,1
blocked,1
cart,1
loling,0
Ricky,1
HI,1
celebrating,1
also,1
rock,1
coming,1
U0001f383,1
Lookin,1
bridge,1
Hutch,1
perspective,1
HANDSOME,0
knock,1
Dr,1
Buggies,1
Mind,1
Rob,1
spend,1
pee,1
shovelhead,1
U0001f3c4,1
building,1
stud,1
Jungle,1
half,1
bday,1
sida,1
Tooth,1
feels,1
nShake,1
Original,0
Jeff,1
Moreland,1
line,1
Idk,1
loook,1
Club,1
bone,1
Ghey,1
Monica,1
roof,1
tits,1
R,1
missed,0
invited,1
softer,1
Suit,0
true,0
BEST,1
duuuude,0
Hands,1
juice,1
beers,1
Fancy,1
worth,1
Wendy,1
waitin,1
cowboys,0
Big,1
dish,1
Hugs,1
potholes,1
Seemed,1
Johnson,1
smellslikefosters,0
someone,1
Pass,1
interview,1
free,1
jk,1
plane,1
notch,1
Poot,1
Erica,1
ballenciaga,1
PINK,1
Bullshit,0
seeing,0
Levi,1
Congratulations,1
everydah,1
Selfie,1
sunscreen,1
000,0
strong,1
brilliant,1
Raiders,1
help,1
absolute,1
wants,1
ticket,1
Blake,1
works,0
Babe,1
basic,1
Maries,1
hanging,1
continued,1
guitar,1
event,1
heavy,1
Atta,1
mane,1
Groovy,1
Airwebreath,1
tech,1
Junjulas,1
2quonset,1
flintstone,1
Todd,1
Texas,1
mic,1
nIt,1
Fire,1
creepy,1
preach,1
Bradley,1
Crazy,1
ribs,1
Dad,1
U0001f38a,1
put,1
tomorrow,1
Accurate,1
GQ,1
Willis,1
testing,1
ago,1
U0001f3ff,1
hehehe,0
Seriously,1
n1,1
Roberson,1
U0001f44eUgh,1
buddywhen,0
jodi,1
handsomely,0
Raw,1
Holly,0
bullshit,0
Next,1
FAR,1
ford,1
quit,1
SS,1
narsty,1
telling,1
nuu,1
u201cEasy,1
Dope,1
Amanda,0
Jo,1
November,1
BigFoot,1
Sporting,1
different,1
infinitely,1
SMILE,0
party,1
early,1
nephew,1
nGod,1
ASSSSS,1
floors,1
hahaah,0
HAHHAHHAHHAAAAAAAA,1
eye,1
Bryant,1
enjoyed,1
gave,1
MODEL,1
Tom,1
chi,1
nThis,1
Andrew,1
Stevens,1
gen,1
blackproblems,1
hitchikkers,1
pride,1
brah,1
DUde,0
125km,1
hunkin,1
tcb,1
helluva,1
easier,1
U0001f602she,1
ladies,1
babyyyy,1
Hits,1
carbon,1
remark,1
crowning,1
HAT,0
especially,1
fi,1
Ahh,1
dancing,1
Reid,1
crack,1
gives,1
nLooks,1
tat,1
puke,1
Shameless,1
Sarbear,1
Could,1
class,0
cleaned,1
recognize,0
Deek,1
Wilson,1
Danny,1
U0001f3ce,1
moh,1
understood,1
silly,1
serious,1
SON,0
fly,1
date,1
festive,0
Wooyy,1
Tevin,1
Francisco,1
stay,1
thrilled,1
super,1
35,1
GOAT,1
hazard,1
FAIR,1
Agreed,1
movie,0
Jumanji,1
Appreciate,0
Russell,1
nowadays,1
Vance,1
cant,1
Armitage,1
behaving,0
photoshopped,1
father,1
Need,1
roommates,1
whitegirlness,1
U0001f495can,1
unfortunately,1
dinner,1
OH,1
amazon,1
Sad,0
cutteeee,1
full,1
sit,1
hop,1
walking,1
lovve,0
eats,1
male,1
ton,1
JS,1
teens,1
Los,1
nPraying,1
turn,1
babes,1
binge,1
GROUND,1
lights,1
take,1
Twins,1
understand,1
Heck,1
strangers,1
fuckin,1
bet,1
tiny,1
feet,1
21,1
Congrats,1
Science,1
Monday,1
company,1
deer,1
5734829177,1
tears,1
faces,1
tournament,1
paste,1
Taiwan,1
agree,1
rome,1
Shawnee,1
brush,1
Chainsaw,1
angry,1
retirement,1
polish,1
highway,1
Clooney,1
share,1
homeboy,1
cali,1
Tell,1
Keep,1
U0001f491,1
reflecting,1
pics,1
heard,1
Surprised,1
lady,0
hastings,1
DAMMIT,1
neck,1
Banished,1
happiness,1
Wine,1
hurl,1
race,1
Jason,1
Hi,0
Fuck,1
misses,1
Nathan,1
heh,0
close,1
shitshow,0
delete,1
dessert,1
away,1
Whoot,1
_,1
trees,1
town,1
friends,1
imma,1
Rufio,1
U0001f44a,1
Witch,1
whole,1
Blaine,1
Ft,1
legit,1
model,1
kayaks,1
Soon,1
underwear,1
turkey,1
outside,1
cloud,0
images,1
Staged,1
points,1
fight,0
chiefs,1
beast,1
contour,1
laptop,1
IHUSTLE,1
Cody,1
shibby,0
Mariah,1
dinglehoppers,1
crooked,1
ozzie,1
stole,1
consumes,1
gets,1
dawg,1
killin,0
greatness,1
Little,1
bull,1
upper,1
trill,1
gettin,1
Kook,1
DEAD,1
nWelcome,1
define,1
scratch,1
yea,1
end,0
nigh,1
Shepherd,0
hilarious,1
xmas,1
compensation,1
Alex,1
disagree,1
wheels,0
yass,1
spot,1
times,1
saying,1
servant,1
chunky,1
Hard,1
Center,1
Plus,1
remembers,1
winner,1
u2019all,1
Rotondo,1
lounging,1
poodle,1
River,1
Unmmm,1
Passed,1
country,1
forgot,1
police,1
keeper,1
tank,1
Michigan,1
HATE,1
deserve,1
shes,0
AOC,1
bearded,1
caramel,1
Marion,1
Amphitheater,1
Omg,1
Holyshit,0
give,0
likey,0
sat,1
needed,1
racist,1
melting,1
ie,1
ear,1
Super,1
US,1
Nope,1
thar,1
sign,0
Check,1
Thats,1
ball,1
U0001f346,1
San,1
British,1
Um,1
loved,1
Scaling,1
sexxxy,1
rd,1
cups,1
Gram,1
lolololing,1
Seth,1
BOSET,1
candles,1
bobby,1
quill,1
Gosh,1
lifelike,1
Greatest,1
Wanted,1
cost,1
invite,1
Rip,1
siuts,1
johnny,1
cubby,0
important,1
box,1
drove,1
Phone,1
hahhaba,0
www,1
ram,1
Foul,1
handsomest,0
dolphins,1
Crawford,1
sports,1
G,0
Kayla,1
CORRECT,1
Glenn,1
King,1
nurses,1
paid,1
WELL,0
hobby,0
nose,1
Spot,1
hope,1
Steve,1
Cindy,1
spiff,1
drain,1
tu,1
Creole,1
Funk,1
visit,1
likehe,0
hose,1
Race,1
papi,1
homiw,1
Darien,1
Christy,1
Cooling,1
Cutie,1
lazor,1
GO,1
Ohhhh,1
ufeff,1
alot,1
p,1
Right,1
Cortez,0
Tosha,1
miller,1
vibrations,1
snowgirls,1
MS,1
scene,1
jammin,1
cowgirls,1
destroy,1
heads,1
across,1
goatee,1
bean,1
AWH,1
hey,1
Chris,1
anywhere,1
brand,1
J,1
Baxter,0
Shawn,1
Governor,1
justify,1
Dobby,0
meta,1
glare,1
awesomely,1
crying,1
piCture,1
cry,1
running,1
vegan,0
firefighter,1
stacked,1
Reminds,1
writing,1
spindle,1
Mars,1
ways,1
emotion,1
brothers,1
group,1
Alabama,1
city,1
pLay,0
venue,1
thay,1
Picards,1
Bike,0
horses,1
planning,1
river,1
City,1
bucket,1
CG,1
styles,1
may,1
Babies,1
explains,1
Wth,1
upset,1
meeting,1
supposed,1
U0001f34c,1
U0001f62f,1
hahahza,0
wear,1
Imma,1
carroltown,1
Yassss,1
ambulance,1
mate,1
rotate,1
anyway,1
edition,1
LITTLE,1
vouch,1
Forrest,1
til,1
breathing,1
airport,1
vibes,1
rule,1
girllll,1
cars,1
STOP,1
Tuesday,1
420,0
respectyoself,1
laugh,1
doodling,1
lold,1
sleeps,1
trade,1
tight,1
epic,1
Cessna,1
mixed,0
Facebook,1
based,1
Rissy,1
dana,1
BOY,0
facepalm,1
llama,1
looooove,1
bored,1
bring,1
tender,1
condiments,1
Yasssssss,1
Avery,1
evening,1
case,1
garters,1
Angry,1
Welp,1
nWhen,1
Racing,1
Lincoln,1
Adam,1
movies,1
Hertenstein,1
Master,1
Kody,1
customer,0
Nothing,1
van,1
shitting,0
ciggs,1
Phill,1
Withers,1
fell,1
girlf,1
Rick,1
bungee,1
kimbo,1
Honey,1
senior,1
nCongrats,1
arctic,1
Atown,1
PUNK,1
enof,1
wore,1
Brain,1
forget,1
snowwhitegirl43,1
years,1
Read,1
embarrassing,1
Going,1
filling,1
Real,1
gonna,1
Lacey,1
thereof,1
syrup,1
mixtape,1
Smith,0
Whatever,1
Sunset,1
45,1
activity,0
alarms,1
sight,1
duck,0
U0001f604hahahahh,0
Truck,1
u270c,1
crap,1
nickel,0
pigeon,1
U0001f6b5,1
googled,1
Jealous,1
simple,1
Sun,1
windows,1
sexxxxy,1
shittier,0
hampster,0
puts,1
tough,1
bag,1
Nick,0
anti,1
sounds,1
friendly,1
MOVIE,1
U0001f606,1
Saw,1
things,1
LoL,1
Beef,1
wanting,1
nremember,1
Graphs,1
include,1
dumb,0
confirmed,1
Maybe,1
instead,1
cap,0
Animal,1
WebStorm,1
basically,1
shooter,1
na,1
find,1
logo,1
Jack,1
skills,1
Scott,1
took,1
Schanuth,0
precisely,1
cook,0
festival,1
Nah,1
Cleaver,0
grow,0
bitchin,0
vapin,1
Umm,1
rights,1
experimenting,0
Size,0
selling,1
pay,1
printer,1
dropboxusercontent,0
supports,0
IMG,1
Dennis,1
daniel,1
Dork,1
U0001f64c,1
blows,1
weeks,0
showed,1
youtu,1
Yaaaay,1
details,1
shittany,0
hurt,1
business,1
chic,1
Croatia,1
Showing,1
TONIGHT,1
SPACE,1
PIMPN,1
Mi,1
Horn,0
catgirl,1
Ryan,1
LOl,0
compressor,1
interesting,1
wat,1
Weaboo,0
VOID,1
nMarsha,1
praise,1
PILOT,0
shoot,1
Chad,1
owl,0
youngest,1
broken,1
healthy,1
near,1
fascination,1
Sounds,0
karaoke,0
Everybody,1
block,1
PLAY,0
Alright,1
Hmmm,0
neighbors,1
BITE,1
divingest,0
nUp,1
helmet,0
malfunctions,1
twinkle,0
moon,1
far,1
ruff,0
borrowed,1
xxx,1
Harris,1
Legendary,1
bandana,1
brain,0
hear,1
Turtles,1
edible,1
blues,1
25,1
Bears,0
El,1
bagel,1
bath,1
jiu,1
congrats,0
Ross,1
sending,0
less,1
Bruce,1
Florida,0
Info,1
duty,1
U0001f3c6,0
u201d,1
leak,1
booty,1
uploaded,1
Fucking,1
streak,1
Eyed,1
Lobbyist,1
fire,1
metal,1
spoil,1
watch,1
complete,1
missin,0
anybody,1
Roof,1
EURO,1
PA,1
PM,0
resume,1
guess,0
America,1
system,1
wekding,1
specs,1
bug,1
force,1
related,0
wreck,0
waffle,1
working,0
pug,0
SoN,0
parties,1
favorites,1
Kenny,1
300,1
February,1
Evan,1
sheeans,0
U0001f610,1
nLOVE,1
Wednesday,1
Tis,1
Ayee,1
Bad,1
nThen,1
Cat,0
Shane,0
Ceara,1
Mindy,1
prettty,0
wow,1
Agh,1
locks,0
Handle,1
yr,1
4K,1
tied,1
alack,1
Horses,1
NSA,1
readies,0
Time,1
painting,1
Holtkamp,1
couch,0
HELLO,1
personal,1
Jt,1
chill,0
Burrr,1
LEGO,1
Proves,1
Smarty,1
soda,1
talkin,1
nWould,1
priceless,1
didnt,1
Dakota,0
Less,1
cam,1
credits,1
Christian,1
fancy,1
n2,1
agency,1
Butte,1
saw,0
Jesus,1
GR,1
Thanksgiving,0
school,1
hahahahahahaha,0
Dave,1
U0001f92e,1
em,1
boyy,0
design,1
stranger,0
600,1
Swaggin,1
lolz,0
stuck,1
brave,1
Somebody,1
xe5ne,0
uhh,1
likee,0
Amen,1
sums,1
parking,1
Uber,1
c,1
Nothin,1
Gimme,0
ow,1
heading,1
collector,1
Thems,1
loose,1
rust,1
jeep,1
Trust,1
Ewwwwwwww,1
U0001f49a,0
hitchin,1
indeed,1
haahahh,0
Sympathy,1
managed,1
rhino,1
